{"cameraMode":{"drawMode":0,"name":"Shaded","section":"Shading Mode"},"sceneLighting":false,"audioPlay":false,"sceneViewState":{"showFog":true,"showMaterialUpdate":false,"showSkybox":false,"showFlares":true,"showImageEffects":true,"showParticleSystems":true},"in2DMode":false,"pivot":{"x":0.0,"y":0.48534417152404787,"z":2.9802322387695315e-8},"rotation":{"x":-0.38733741641044619,"y":0.01714264787733555,"z":-0.007212623488157988,"w":-0.9217657446861267},"size":0.6588780283927918,"orthographic":false}