{"cameraMode":{"drawMode":0,"name":"Shaded","section":"Shading Mode"},"sceneLighting":false,"audioPlay":false,"sceneViewState":{"showFog":false,"showMaterialUpdate":false,"showSkybox":false,"showFlares":false,"showImageEffects":false,"showParticleSystems":false},"in2DMode":false,"pivot":{"x":4.492000102996826,"y":0.6299999952316284,"z":1.5950000286102296},"rotation":{"x":0.6137924790382385,"y":-0.00828898698091507,"z":0.006445065140724182,"w":0.7893983125686646},"size":0.20260033011436463,"orthographic":false}