{"cameraMode":{"drawMode":0,"name":"Shaded","section":"Shading Mode"},"sceneLighting":false,"audioPlay":false,"sceneViewState":{"showFog":false,"showMaterialUpdate":false,"showSkybox":false,"showFlares":false,"showImageEffects":false,"showParticleSystems":false},"in2DMode":false,"pivot":{"x":-6.804720878601074,"y":-18.072128295898439,"z":5.244142532348633},"rotation":{"x":-0.40000706911087038,"y":0.475223183631897,"z":-0.2567288875579834,"w":-0.7404406070709229},"size":15.216941833496094,"orthographic":false}