{"cameraMode":{"drawMode":0,"name":"Shaded","section":"Shading Mode"},"sceneLighting":false,"audioPlay":false,"sceneViewState":{"showFog":false,"showMaterialUpdate":false,"showSkybox":false,"showFlares":false,"showImageEffects":false,"showParticleSystems":false},"in2DMode":false,"pivot":{"x":4.540711402893066,"y":4.840657711029053,"z":4.661466598510742},"rotation":{"x":-0.021959152072668077,"y":-0.9036358594894409,"z":-0.04667134955525398,"w":0.4251890182495117},"size":2.850827693939209,"orthographic":false}